Data;Ora;Tempo [s];Cil 1 [°C];Cil 2 [°C];Cil 3 [°C];Cil 4 [°C];IC in [°C];IC out [°C];Olio [°C];Acqua [°C];P IC in [bar];P IC out [bar];P scar [bar];P benz [bar];P olio [bar];Giri [rpm]
26/09/2026;15:04:41;0,00;241,75;252,25;234,25;247,50;37,50;30,75;85,75;81,75;0,07;0,04;0,08;5,18;1,62;887
26/09/2026;15:04:41;0,10;240,25;251,00;234,00;242,00;37,50;30,75;85,75;82,00;0,04;0,04;0,08;5,18;1,59;892
26/09/2026;15:04:41;0,20;238,50;252,75;229,50;244,50;37,50;31,25;86,00;82,00;0,06;0,06;0,09;5,18;1,58;895
26/09/2026;15:04:41;0,30;242,75;247,50;231,25;243,00;38,50;30,75;85,75;81,75;0,04;0,03;0,10;5,17;1,62;891
26/09/2026;15:04:41;0,40;242,50;249,50;229,00;247,50;38,25;31,00;86,50;82,25;0,06;0,03;0,10;5,23;1,61;897
26/09/2026;15:04:41;0,50;239,25;248,75;231,75;245,25;37,50;31,00;86,25;82,00;0,05;0,05;0,11;5,22;1,59;918
26/09/2026;15:04:41;0,60;240,00;251,25;231,75;248,00;38,25;31,50;86,25;81,75;0,02;0,05;0,09;5,19;1,61;904
26/09/2026;15:04:41;0,70;237,00;252,50;237,25;244,00;38,00;31,00;86,00;82,25;0,04;0,02;0,13;5,19;1,62;896
26/09/2026;15:04:41;0,80;240,75;248,75;233,25;241,75;38,25;31,00;86,25;82,50;0,06;0,05;0,08;5,19;1,63;879
26/09/2026;15:04:41;0,90;243,00;253,25;231,25;245,25;38,00;31,00;86,00;82,00;0,02;0,03;0,05;5,20;1,62;908
26/09/2026;15:04:42;1,00;240,50;249,75;230,25;244,75;37,50;30,75;86,00;82,50;0,07;0,02;0,12;5,19;1,62;909
26/09/2026;15:04:42;1,10;240,00;247,00;233,00;246,00;38,25;31,00;86,25;82,00;0,06;0,03;0,09;5,22;1,58;924
26/09/2026;15:04:42;1,20;238,75;250,25;235,25;246,75;37,75;31,50;86,00;82,00;0,07;0,05;0,10;5,20;1,55;911
26/09/2026;15:04:42;1,30;242,50;249,75;233,50;244,75;36,75;31,25;86,00;82,25;0,04;0,04;0,12;5,15;1,60;911
26/09/2026;15:04:42;1,40;239,75;246,25;231,00;240,75;38,50;30,50;86,00;82,25;0,07;0,02;0,11;5,19;1,60;872
26/09/2026;15:04:42;1,50;241,25;250,25;233,50;247,75;38,50;30,25;86,00;81,50;0,07;0,04;0,13;5,18;1,60;916
26/09/2026;15:04:42;1,60;237,00;252,25;235,25;245,00;37,50;31,25;86,25;82,25;0,05;0,05;0,08;5,22;1,62;910
26/09/2026;15:04:42;1,70;238,00;250,25;235,50;241,50;38,00;30,75;86,00;82,50;0,03;0,04;0,10;5,19;1,57;920
26/09/2026;15:04:42;1,80;240,75;249,00;235,25;245,00;37,75;31,50;86,25;82,00;0,04;0,04;0,13;5,18;1,62;887
26/09/2026;15:04:42;1,90;238,25;248,25;231,75;246,00;37,25;30,25;86,25;82,25;0,06;0,05;0,09;5,21;1,59;891
26/09/2026;15:04:43;2,00;240,25;253,25;234,00;244,75;37,00;31,75;86,00;82,25;0,07;0,06;0,08;5,24;1,59;897
26/09/2026;15:04:43;2,10;242,75;248,00;230,00;242,75;38,50;31,00;86,25;82,50;0,01;0,06;0,11;5,18;1,61;914
26/09/2026;15:04:43;2,20;237,00;248,25;228,50;245,50;37,75;30,75;86,25;82,00;0,08;0,02;0,10;5,21;1,60;887
26/09/2026;15:04:43;2,30;240,00;248,25;234,50;246,75;39,00;30,25;86,50;82,25;0,03;0,08;0,09;5,21;1,59;913
26/09/2026;15:04:43;2,40;240,25;248,25;232,75;243,25;37,00;31,00;86,25;82,25;0,06;0,03;0,08;5,22;1,59;878
26/09/2026;15:04:43;2,50;242,50;246,75;236,75;242,75;37,75;30,50;86,25;82,25;0,06;0,03;0,09;5,22;1,60;877
26/09/2026;15:04:43;2,60;241,00;245,25;237,50;244,25;36,75;30,75;86,00;82,00;0,06;0,04;0,12;5,22;1,63;890
26/09/2026;15:04:43;2,70;239,00;250,25;233,75;243,50;38,25;31,25;86,50;82,00;0,05;0,03;0,07;5,20;1,60;892
26/09/2026;15:04:43;2,80;241,75;246,00;235,00;246,25;38,75;30,75;86,25;82,00;0,05;0,04;0,11;5,18;1,62;926
26/09/2026;15:04:43;2,90;243,25;250,75;235,25;246,25;38,00;31,00;86,25;81,75;0,04;0,02;0,10;5,19;1,58;907
26/09/2026;15:04:44;3,00;238,50;248,25;234,50;241,25;38,00;31,25;86,75;82,25;0,05;0,06;0,07;5,20;1,62;893
26/09/2026;15:04:44;3,10;238,75;250,50;230,25;247,00;37,50;30,50;86,75;81,50;0,05;0,06;0,10;5,20;1,62;899
26/09/2026;15:04:44;3,20;240,25;252,00;236,75;248,25;38,25;31,00;86,25;82,00;0,03;0,07;0,09;5,18;1,59;873
26/09/2026;15:04:44;3,30;237,75;252,50;233,25;246,75;39,00;31,00;86,00;82,25;0,03;0,05;0,08;5,20;1,57;912
26/09/2026;15:04:44;3,40;240,00;252,00;235,50;243,00;37,25;30,75;86,25;82,50;0,05;0,02;0,08;5,21;1,59;895
26/09/2026;15:04:44;3,50;243,25;251,25;231,25;244,50;38,00;31,25;86,50;82,75;0,05;0,05;0,07;5,15;1,60;908
26/09/2026;15:04:44;3,60;239,00;252,00;226,50;241,75;37,50;31,25;86,25;82,00;0,06;0,03;0,08;5,18;1,59;892
26/09/2026;15:04:44;3,70;241,50;251,50;235,25;244,75;37,25;31,00;86,25;82,00;0,04;0,05;0,08;5,19;1,57;883
26/09/2026;15:04:44;3,80;235,50;245,50;232,50;241,00;38,25;30,75;86,25;82,00;0,05;0,05;0,11;5,16;1,61;890
26/09/2026;15:04:44;3,90;241,00;247,50;234,00;241,50;38,75;31,00;86,25;82,00;0,06;0,02;0,12;5,21;1,61;901
26/09/2026;15:04:45;4,00;241,75;250,00;232,50;243,50;38,50;31,00;86,50;82,00;0,06;0,03;0,11;5,18;1,59;925
26/09/2026;15:04:45;4,12;240,75;250,75;229,75;243,50;38,00;31,50;86,25;82,25;0,05;0,03;0,12;5,20;1,59;908
26/09/2026;15:04:45;4,22;242,75;250,25;235,75;248,50;37,50;31,00;86,25;82,25;0,07;0,05;0,07;5,22;1,60;878
26/09/2026;15:04:45;4,32;239,25;252,50;230,25;243,50;38,00;30,25;86,25;82,00;0,04;0,04;0,10;5,21;1,58;891
26/09/2026;15:04:45;4,42;237,00;252,75;234,25;246,75;37,25;31,00;86,25;82,75;0,03;0,03;0,10;5,20;1,59;902
26/09/2026;15:04:45;4,52;239,75;249,25;231,50;246,00;37,50;30,50;86,50;82,25;0,03;0,04;0,10;5,20;1,59;903
26/09/2026;15:04:45;4,64;242,00;247,25;230,75;241,25;38,00;30,50;86,50;81,75;0,08;0,03;0,11;5,15;1,62;894
26/09/2026;15:04:45;4,74;238,00;245,00;234,50;246,00;38,25;31,25;86,25;82,25;0,07;0,05;0,08;5,19;1,61;901
26/09/2026;15:04:45;4,84;241,00;250,25;230,25;248,75;38,00;30,25;86,50;82,25;0,05;0,02;0,11;5,20;1,60;906
26/09/2026;15:04:45;4,94;239,25;251,25;233,50;240,25;38,25;31,00;86,50;82,50;0,05;0,01;0,11;5,19;1,60;899
26/09/2026;15:04:46;5,04;240,75;248,50;232,25;245,25;38,50;30,75;86,25;82,50;0,07;0,08;0,12;5,19;1,59;908
26/09/2026;15:04:46;5,14;241,50;250,25;232,00;243,25;37,75;31,00;86,00;82,50;0,04;0,02;0,11;5,19;1,59;870
26/09/2026;15:04:46;5,24;242,75;250,25;233,75;244,25;37,75;31,50;85,75;82,25;0,04;0,04;0,09;5,22;1,61;880
26/09/2026;15:04:46;5,34;238,00;252,00;233,75;247,00;38,00;31,00;86,50;82,25;0,04;0,06;0,12;5,18;1,60;899
26/09/2026;15:04:46;5,44;239,75;246,75;233,50;244,50;39,25;31,50;86,50;82,25;0,02;0,05;0,10;5,20;1,61;922
26/09/2026;15:04:46;5,54;239,25;253,75;234,00;247,25;38,25;31,25;86,00;82,25;0,04;0,05;0,09;5,17;1,62;902
26/09/2026;15:04:46;5,64;242,75;249,75;232,25;244,25;37,75;31,00;86,50;82,50;0,07;0,01;0,11;5,18;1,58;906
26/09/2026;15:04:46;5,74;243,25;250,50;236,75;243,50;37,25;30,50;86,50;82,50;0,06;0,03;0,10;5,23;1,59;875
26/09/2026;15:04:46;5,84;239,25;252,25;236,00;239,75;38,50;31,25;86,00;82,50;0,04;0,03;0,09;5,19;1,61;890
26/09/2026;15:04:46;5,94;240,75;247,75;234,50;245,50;38,75;31,00;86,75;82,25;0,06;0,04;0,09;5,17;1,57;908
26/09/2026;15:04:47;6,04;244,25;247,00;233,00;245,50;38,50;30,50;86,75;82,25;0,05;0,05;0,09;5,18;1,63;898
26/09/2026;15:04:47;6,14;242,50;247,50;230,75;246,50;37,75;31,00;86,50;82,50;0,08;0,05;0,08;5,20;1,62;910
26/09/2026;15:04:47;6,24;241,75;247,75;237,00;247,75;38,50;30,75;86,50;82,00;0,06;0,05;0,09;5,22;1,58;900
26/09/2026;15:04:47;6,36;239,25;250,75;227,75;249,25;38,00;31,00;86,25;82,50;0,08;0,05;0,11;5,16;1,59;889
26/09/2026;15:04:47;6,46;240,25;250,50;237,00;243,75;37,75;31,50;86,75;82,50;0,08;0,02;0,15;5,23;1,62;912
26/09/2026;15:04:47;6,56;241,25;252,50;234,00;241,50;38,50;30,50;86,25;82,25;0,05;0,02;0,08;5,17;1,60;911
26/09/2026;15:04:47;6,66;239,75;253,25;237,50;245,25;38,50;31,50;86,50;82,25;0,09;0,05;0,12;5,19;1,60;914
26/09/2026;15:04:47;6,76;242,00;252,00;232,25;243,50;37,75;31,25;86,50;82,50;0,06;0,05;0,12;5,18;1,59;902
26/09/2026;15:04:47;6,86;239,50;247,75;233,00;241,75;37,00;31,00;86,25;82,25;0,07;0,04;0,10;5,20;1,59;902
26/09/2026;15:04:47;6,96;243,00;249,25;235,75;245,50;38,25;31,50;86,50;82,25;0,08;0,04;0,08;5,21;1,58;919
26/09/2026;15:04:48;7,06;236,50;250,75;233,75;245,50;38,25;31,00;86,50;82,00;0,08;0,05;0,08;5,19;1,60;888
26/09/2026;15:04:48;7,16;237,00;248,50;231,00;245,75;37,75;31,25;86,75;82,25;0,07;0,03;0,10;5,17;1,57;900
26/09/2026;15:04:48;7,26;239,75;249,75;236,75;248,75;39,00;31,00;87,00;82,25;0,06;0,04;0,09;5,17;1,59;900
26/09/2026;15:04:48;7,38;240,50;248,75;232,25;243,75;37,75;31,00;87,00;82,25;0,06;0,08;0,11;5,22;1,59;896
26/09/2026;15:04:48;7,48;239,75;253,50;237,25;244,00;38,50;31,25;86,50;82,25;0,08;0,04;0,10;5,19;1,60;878
26/09/2026;15:04:48;7,58;236,75;249,00;235,75;246,00;39,75;30,75;87,00;82,25;0,06;0,03;0,09;5,23;1,60;909
26/09/2026;15:04:48;7,68;236,25;252,75;234,00;246,25;38,50;30,75;86,50;82,25;0,06;0,04;0,08;5,20;1,59;872
26/09/2026;15:04:48;7,78;243,75;249,25;231,25;245,25;38,50;31,00;86,50;82,50;0,07;0,04;0,11;5,24;1,59;914
26/09/2026;15:04:48;7,88;239,50;249,25;235,50;246,75;37,25;31,00;86,75;82,25;0,03;0,06;0,11;5,22;1,62;911
26/09/2026;15:04:48;7,98;240,50;252,25;233,25;242,00;37,75;31,00;86,50;82,50;0,04;0,04;0,08;5,16;1,57;924
26/09/2026;15:04:49;8,08;237,50;250,75;233,75;241,75;39,25;30,50;86,75;82,75;0,06;0,03;0,09;5,18;1,59;911
26/09/2026;15:04:49;8,18;239,75;250,50;233,25;243,50;38,50;31,00;86,75;82,75;0,08;0,06;0,09;5,15;1,63;887
26/09/2026;15:04:49;8,28;238,25;253,50;229,00;247,50;38,75;31,25;86,25;82,50;0,06;0,06;0,07;5,25;1,59;899
26/09/2026;15:04:49;8,38;238,50;247,50;231,50;242,50;38,00;30,25;86,75;82,25;0,02;0,00;0,09;5,18;1,61;910
26/09/2026;15:04:49;8,48;240,75;251,50;232,75;245,25;37,00;31,00;86,25;82,00;0,07;0,03;0,10;5,20;1,59;897
26/09/2026;15:04:49;8,58;241,25;248,50;232,75;246,25;38,75;31,00;86,50;82,75;0,04;0,03;0,09;5,19;1,61;927
26/09/2026;15:04:49;8,68;238,25;250,25;232,50;245,25;37,50;30,25;86,75;82,00;0,05;0,05;0,09;5,20;1,63;992
26/09/2026;15:04:49;8,78;242,00;247,25;231,75;245,50;38,00;31,50;86,50;82,25;0,04;0,05;0,09;5,22;1,60;1092
26/09/2026;15:04:49;8,88;240,50;247,25;233,00;242,25;36,75;31,00;87,00;82,25;0,06;0,04;0,08;5,23;1,59;1246
26/09/2026;15:04:49;8,98;240,50;248,50;237,25;245,25;36,75;30,50;86,75;82,50;0,07;0,05;0,09;5,21;1,64;1395
26/09/2026;15:04:50;9,08;242,25;245,50;231,75;243,75;38,50;31,25;87,25;82,50;0,04;0,02;0,12;5,19;1,61;1616
26/09/2026;15:04:50;9,18;236,00;252,25;234,75;244,50;37,50;31,25;86,75;82,50;0,06;0,05;0,06;5,21;1,61;1808
26/09/2026;15:04:50;9,30;239,75;251,00;231,25;244,00;38,50;30,75;86,50;82,50;0,05;0,03;0,13;5,21;1,60;2072
26/09/2026;15:04:50;9,40;237,25;249,00;231,75;248,75;38,00;32,00;86,50;82,75;0,04;0,04;0,11;5,22;1,62;2260
26/09/2026;15:04:50;9,50;241,25;249,00;231,75;244,50;38,75;30,50;87,00;83,00;0,05;0,02;0,08;5,19;1,60;2444
26/09/2026;15:04:50;9,60;239,50;250,75;234,00;243,75;38,50;31,25;86,75;83,00;0,07;0,06;0,10;5,20;1,59;2653
26/09/2026;15:04:50;9,70;237,00;250,50;237,75;243,75;37,75;31,25;86,75;82,25;0,08;0,02;0,10;5,20;1,59;2805
26/09/2026;15:04:50;9,80;240,25;250,00;233,75;244,50;37,75;30,25;86,75;82,25;0,04;0,04;0,10;5,20;1,63;2916
26/09/2026;15:04:50;9,90;241,25;249,00;231,25;242,25;38,00;31,00;87,00;82,75;0,04;0,04;0,08;5,22;1,62;2972
26/09/2026;15:04:51;10,00;244,25;250,50;231,00;244,50;38,25;30,75;87,25;82,75;0,06;0,03;0,09;5,23;1,60;3014
26/09/2026;15:04:51;10,10;260,00;268,75;247,00;264,00;42,25;31,50;87,00;82,75;0,05;0,04;0,11;5,17;1,59;2992
26/09/2026;15:04:51;10,20;277,50;288,25;269,75;281,50;45,50;33,25;87,00;82,75;0,09;0,10;0,16;5,16;1,65;3003
26/09/2026;15:04:51;10,30;293,75;304,00;284,50;302,25;49,25;33,75;87,00;83,00;0,17;0,14;0,15;5,19;1,69;2995
26/09/2026;15:04:51;10,40;308,75;325,00;300,25;317,25;52,25;35,00;87,25;83,00;0,26;0,24;0,28;5,17;1,77;2999
26/09/2026;15:04:51;10,50;325,50;338,50;317,50;335,00;54,75;35,75;87,50;83,00;0,38;0,32;0,34;5,14;1,87;3010
26/09/2026;15:04:51;10,60;343,00;361,00;330,75;347,25;58,25;36,50;87,25;82,75;0,48;0,46;0,44;5,11;1,97;3020
26/09/2026;15:04:51;10,70;357,50;374,75;346,75;364,25;62,50;37,75;88,00;83,50;0,64;0,57;0,49;5,06;2,08;3006
26/09/2026;15:04:51;10,80;374,00;385,75;362,00;376,75;65,75;38,75;87,75;83,00;0,80;0,72;0,67;5,08;2,21;3002
26/09/2026;15:04:51;10,90;386,50;401,50;374,75;394,00;68,75;39,00;87,75;83,00;0,95;0,90;0,77;5,01;2,33;3016
26/09/2026;15:04:52;11,00;401,00;413,50;383,50;407,25;70,75;40,25;87,75;83,00;1,14;1,06;0,93;5,00;2,47;3012
26/09/2026;15:04:52;11,10;413,25;429,25;398,50;414,50;74,25;40,50;88,25;83,50;1,31;1,22;1,09;4,95;2,60;3007
26/09/2026;15:04:52;11,20;424,00;443,50;404,75;429,25;76,25;41,50;88,50;83,00;1,55;1,40;1,21;4,90;2,79;3008
26/09/2026;15:04:52;11,30;435,25;451,50;420,00;444,50;79,25;42,50;88,25;83,50;1,73;1,61;1,36;4,91;2,97;2974
26/09/2026;15:04:52;11,40;444,00;467,25;432,75;454,75;82,25;43,25;88,25;83,50;1,94;1,78;1,51;4,84;3,12;3004
26/09/2026;15:04:52;11,50;452,75;475,50;438,25;468,00;84,25;44,00;88,50;83,25;2,14;2,03;1,69;4,82;3,29;3003
26/09/2026;15:04:52;11,60;464,00;485,75;455,00;473,00;88,50;44,75;88,50;83,75;2,34;2,18;1,87;4,78;3,46;3003
26/09/2026;15:04:52;11,70;475,50;500,25;458,75;489,75;90,25;45,50;88,75;83,50;2,55;2,39;1,99;4,72;3,62;2996
26/09/2026;15:04:52;11,80;486,25;509,50;471,00;498,00;93,50;46,25;88,75;83,50;2,77;2,57;2,19;4,71;3,80;2979
26/09/2026;15:04:52;11,90;497,75;520,00;480,25;509,50;94,25;46,50;89,00;83,75;2,96;2,76;2,33;4,66;3,98;2978
26/09/2026;15:04:53;12,00;504,25;527,50;488,00;517,00;96,50;48,25;88,50;84,00;3,15;2,91;2,47;4,59;4,14;2965
26/09/2026;15:04:53;12,10;513,25;531,50;497,50;523,25;98,25;48,25;89,25;84,00;3,35;3,11;2,65;4,58;4,27;2989
26/09/2026;15:04:53;12,20;520,50;548,50;502,25;534,25;100,75;49,25;89,25;84,00;3,52;3,28;2,75;4,53;4,38;2996
26/09/2026;15:04:53;12,30;529,75;552,25;512,75;542,25;103,75;50,25;89,25;84,00;3,67;3,40;2,89;4,49;4,51;2993
26/09/2026;15:04:53;12,40;532,50;560,50;518,50;546,25;105,75;50,00;89,00;84,00;3,80;3,54;2,96;4,47;4,64;3018
26/09/2026;15:04:53;12,50;542,75;572,00;524,25;560,25;107,75;50,75;89,25;84,00;3,95;3,66;3,06;4,49;4,76;2984
26/09/2026;15:04:53;12,60;551,25;575,00;530,00;563,00;108,50;51,75;89,25;84,25;4,04;3,75;3,12;4,41;4,85;2986
26/09/2026;15:04:53;12,70;557,50;583,75;538,25;571,00;111,50;51,75;89,25;84,25;4,16;3,81;3,21;4,42;4,92;2997
26/09/2026;15:04:53;12,80;567,75;589,75;544,75;577,00;113,50;53,00;89,75;84,00;4,18;3,89;3,28;4,43;4,94;2973
26/09/2026;15:04:53;12,90;569,75;596,25;549,00;580,75;114,75;52,00;89,50;83,75;4,23;3,91;3,27;4,43;5,02;2988
26/09/2026;15:04:54;13,00;571,75;602,75;554,50;592,00;116,75;53,00;89,50;84,50;4,26;3,94;3,30;4,39;4,99;2977
26/09/2026;15:04:54;13,10;582,25;607,50;562,25;596,75;119,25;53,25;89,75;84,50;4,24;3,94;3,31;4,42;5,01;2986
26/09/2026;15:04:54;13,20;584,00;615,50;569,50;600,25;121,00;54,25;89,75;84,00;4,25;3,95;3,31;4,37;5,01;2986
26/09/2026;15:04:54;13,30;592,00;616,50;570,75;607,50;123,25;54,50;90,00;84,50;4,26;3,95;3,30;4,37;4,99;2979
26/09/2026;15:04:54;13,40;597,00;626,50;576,75;608,75;124,25;55,25;90,25;83,75;4,27;3,91;3,33;4,39;5,00;2971
26/09/2026;15:04:54;13,50;601,25;629,00;580,50;615,75;124,00;55,75;89,75;84,75;4,25;3,94;3,31;4,41;4,99;2967
26/09/2026;15:04:54;13,60;608,00;635,25;582,25;623,00;127,75;56,00;90,00;84,75;4,24;3,94;3,32;4,43;5,01;2985
26/09/2026;15:04:54;13,70;611,25;638,75;588,75;622,75;127,50;56,50;90,50;85,00;4,26;3,93;3,25;4,37;5,00;2985
26/09/2026;15:04:54;13,80;613,75;647,00;593,75;634,50;129,75;56,50;90,00;84,00;4,24;3,93;3,30;4,39;4,99;2975
26/09/2026;15:04:54;13,90;620,00;650,00;596,00;638,75;131,75;56,50;90,00;84,75;4,24;3,95;3,31;4,41;5,03;2976
26/09/2026;15:04:55;14,00;623,00;651,00;600,50;638,50;133,50;56,75;90,50;85,00;4,23;3,97;3,31;4,37;5,01;2967
26/09/2026;15:04:55;14,10;624,00;654,50;605,25;639,75;134,00;58,00;90,50;84,75;4,27;3,93;3,33;4,37;4,99;2972
26/09/2026;15:04:55;14,20;628,25;660,00;611,25;646,75;135,50;59,50;90,25;84,75;4,25;3,97;3,31;4,41;5,02;2945
26/09/2026;15:04:55;14,30;638,50;662,00;613,25;650,75;137,75;58,75;90,50;84,75;4,26;3,96;3,28;4,40;5,03;2944
26/09/2026;15:04:55;14,40;636,50;668,75;615,50;650,75;137,50;58,75;90,25;84,75;4,25;3,97;3,30;4,42;5,02;2940
26/09/2026;15:04:55;14,50;641,25;670,00;615,00;654,25;139,00;59,25;90,75;84,75;4,24;3,93;3,30;4,41;4,98;2969
26/09/2026;15:04:55;14,60;642,25;675,00;618,75;657,50;140,75;59,25;90,75;84,75;4,26;3,93;3,33;4,39;4,99;2938
26/09/2026;15:04:55;14,70;650,50;677,25;623,50;663,75;141,00;59,50;90,50;85,25;4,26;3,95;3,33;4,38;5,03;2965
26/09/2026;15:04:55;14,80;652,00;682,00;631,25;667,25;144,00;61,00;90,75;84,50;4,26;3,92;3,30;4,39;5,01;2934
26/09/2026;15:04:55;14,92;650,75;682,25;631,25;668,00;143,50;61,00;90,75;85,00;4,25;3,92;3,28;4,38;5,00;2941
26/09/2026;15:04:56;15,02;652,75;686,25;631,00;670,75;144,75;60,25;90,75;85,00;4,23;3,95;3,33;4,40;4,98;2945
26/09/2026;15:04:56;15,12;658,50;689,25;636,50;674,75;146,00;61,25;91,00;84,75;4,26;3,94;3,30;4,43;4,98;2931
26/09/2026;15:04:56;15,22;662,75;691,00;636,00;675,75;147,00;62,00;91,00;85,00;4,24;3,94;3,31;4,37;5,00;2939
26/09/2026;15:04:56;15,32;664,50;697,75;642,75;676,75;148,25;62,00;90,75;84,75;4,24;3,96;3,30;4,39;5,03;2939
26/09/2026;15:04:56;15,42;663,50;696,75;644,25;679,75;149,00;63,00;91,25;85,00;4,24;3,95;3,27;4,41;5,02;2938
26/09/2026;15:04:56;15,54;669,50;700,75;644,75;681,25;150,25;62,25;91,25;85,00;4,27;3,96;3,31;4,39;5,01;2906
26/09/2026;15:04:56;15,64;669,25;700,50;648,50;686,50;151,25;62,25;91,00;85,25;4,24;3,93;3,28;4,39;5,03;2922
26/09/2026;15:04:56;15,74;672,00;701,50;646,50;692,00;153,00;62,50;91,00;85,00;4,24;3,95;3,31;4,38;5,00;2931
26/09/2026;15:04:56;15,84;673,00;705,75;653,75;687,50;152,75;62,75;91,25;85,50;4,23;3,93;3,29;4,42;5,03;2924
26/09/2026;15:04:56;15,94;677,00;707,25;653,00;692,25;153,50;63,75;91,00;85,25;4,26;3,95;3,30;4,41;5,01;2911
26/09/2026;15:04:57;16,06;677,50;710,75;655,75;694,00;153,75;63,75;91,25;85,25;4,25;3,91;3,30;4,41;4,99;2933
26/09/2026;15:04:57;16,16;679,75;712,00;658,00;694,75;155,50;65,00;91,25;85,25;4,25;3,94;3,26;4,38;4,98;2911
26/09/2026;15:04:57;16,26;685,75;714,00;656,25;693,25;156,00;64,25;91,00;85,25;4,25;3,95;3,32;4,41;5,01;2902
26/09/2026;15:04:57;16,36;678,50;719,00;658,00;697,75;156,75;64,50;91,00;85,25;4,24;3,94;3,28;4,42;5,00;2911
26/09/2026;15:04:57;16,46;683,75;713,75;659,25;699,25;157,25;64,00;91,00;85,00;4,25;3,96;3,30;4,41;4,98;2917
26/09/2026;15:04:57;16,56;685,25;717,75;663,00;700,50;159,25;64,50;91,25;85,25;4,26;3,93;3,28;4,38;5,02;2898
26/09/2026;15:04:57;16,66;683,00;724,00;661,25;699,50;159,75;64,75;91,50;85,25;4,22;3,94;3,27;4,43;5,00;2908
26/09/2026;15:04:57;16,76;688,25;723,00;663,25;705,50;159,75;65,50;91,75;85,25;4,28;3,96;3,31;4,43;5,01;2878
26/09/2026;15:04:57;16,86;690,50;725,25;665,00;706,75;161,50;65,75;91,50;85,75;4,25;3,92;3,30;4,39;5,00;2891
26/09/2026;15:04:57;16,96;690,75;722,00;665,25;706,00;160,50;65,75;91,75;85,50;4,25;3,93;3,32;4,39;5,00;2887
26/09/2026;15:04:58;17,06;690,25;725,00;666,75;706,75;162,50;66,25;91,50;85,75;4,25;3,94;3,32;4,43;4,98;2889
26/09/2026;15:04:58;17,16;693,50;723,75;669,25;710,00;162,25;65,75;91,50;85,25;4,26;3,96;3,31;4,36;5,00;2874
26/09/2026;15:04:58;17,26;696,25;726,75;666,00;709,75;163,00;66,25;91,50;85,50;4,25;3,96;3,30;4,42;5,00;2882
26/09/2026;15:04:58;17,36;693,00;727,00;672,25;709,75;164,00;66,25;91,50;85,25;4,27;3,92;3,29;4,37;5,02;2876
26/09/2026;15:04:58;17,46;696,25;729,75;669,50;711,00;165,50;66,25;91,50;85,75;4,23;3,94;3,30;4,41;4,98;2860
26/09/2026;15:04:58;17,56;698,00;729,00;675,50;712,00;165,00;67,00;91,75;85,25;4,24;3,92;3,30;4,39;5,02;2855
26/09/2026;15:04:58;17,66;695,75;731,75;675,25;713,50;166,75;67,00;91,50;85,00;4,24;3,96;3,30;4,38;4,98;2867
26/09/2026;15:04:58;17,76;701,75;732,00;671,75;716,25;166,25;67,25;92,00;85,50;4,27;3,91;3,28;4,41;5,00;2867
26/09/2026;15:04:58;17,86;702,25;733,75;676,00;717,25;167,00;68,00;91,75;85,50;4,25;3,97;3,29;4,39;5,02;2855
26/09/2026;15:04:58;17,96;700,00;734,75;676,25;716,00;167,50;66,50;91,75;85,50;4,25;3,94;3,31;4,37;5,00;2846
26/09/2026;15:04:59;18,06;699,50;736,50;676,25;717,25;167,50;67,75;91,75;85,25;;3,96;3,26;4,40;4,98;2855
26/09/2026;15:04:59;18,16;703,00;732,75;675,25;717,75;168,50;68,25;91,50;85,50;;3,96;3,32;4,41;4,99;2824
26/09/2026;15:04:59;18,26;702,75;737,00;678,00;715,25;169,00;67,75;92,00;85,75;;3,96;3,29;4,36;5,03;2854
26/09/2026;15:04:59;18,36;703,25;736,75;677,00;717,75;169,75;68,25;92,00;85,75;;3,93;3,30;4,42;4,99;2844
26/09/2026;15:04:59;18,46;705,75;734,00;678,50;720,25;169,75;68,75;92,00;85,50;;3,96;3,29;4,38;5,00;2843
26/09/2026;15:04:59;18,56;702,50;737,50;682,25;722,25;170,00;68,00;92,25;85,50;;3,91;3,28;4,42;5,01;2827
26/09/2026;15:04:59;18,66;704,25;740,50;683,00;723,25;169,50;68,00;91,75;85,50;;3,93;3,29;4,40;5,00;2818
26/09/2026;15:04:59;18,76;703,25;739,50;676,25;722,25;171,00;68,25;91,50;85,50;;3,96;3,30;4,38;5,02;2817
26/09/2026;15:04:59;18,86;707,50;743,50;684,00;722,00;171,75;68,25;92,50;85,50;;3,92;3,27;4,42;4,98;2822
26/09/2026;15:04:59;18,96;707,75;740,25;681,50;720,00;172,00;69,50;92,25;85,50;;3,92;3,30;4,42;5,01;2835
26/09/2026;15:05:00;19,06;709,00;742,50;683,25;726,25;173,25;68,50;91,75;86,00;;3,92;3,27;4,40;5,02;2817
26/09/2026;15:05:00;19,16;705,00;744,25;684,50;722,75;173,00;68,75;92,00;85,50;;3,96;3,30;4,39;4,99;2805
26/09/2026;15:05:00;19,26;710,50;742,75;685,50;722,75;173,00;68,75;92,00;85,75;4,26;3,93;3,31;4,37;4,98;2793
26/09/2026;15:05:00;19,36;708,75;742,25;686,00;723,00;173,75;69,00;92,00;85,75;4,25;3,94;3,28;4,38;5,02;2781
26/09/2026;15:05:00;19,46;713,50;745,75;683,00;728,25;173,50;68,75;92,25;85,75;4,25;3,96;3,34;4,39;4,99;2790
26/09/2026;15:05:00;19,56;708,75;745,75;683,00;724,50;175,25;68,25;92,00;85,75;4,26;3,93;3,25;4,39;4,97;2795
26/09/2026;15:05:00;19,66;709,75;744,75;683,00;727,50;175,00;69,00;92,00;85,75;4,24;3,94;3,30;4,42;4,98;2774
26/09/2026;15:05:00;19,78;711,75;746,50;684,75;724,50;174,75;69,75;92,00;86,00;4,24;3,97;3,31;4,38;5,01;2782
26/09/2026;15:05:00;19,88;714,50;745,50;687,25;726,00;175,50;69,75;92,75;85,75;4,25;3,94;3,30;4,41;5,00;2779
26/09/2026;15:05:00;19,98;713,00;746,00;684,75;726,75;175,00;69,00;92,50;85,75;4,25;3,92;3,26;4,40;4,98;2782
26/09/2026;15:05:01;20,08;711,00;744,75;685,75;729,25;175,50;70,00;92,00;85,50;4,26;3,93;3,27;4,37;4,98;2764
26/09/2026;15:05:01;20,18;712,75;746,00;686,75;727,00;176,00;69,50;92,75;85,75;4,26;3,93;3,30;4,41;5,00;2755
26/09/2026;15:05:01;20,28;711,50;745,25;683,25;732,25;175,75;69,50;92,50;85,50;4,25;3,93;3,31;4,42;4,99;2752
26/09/2026;15:05:01;20,40;716,25;749,50;689,50;729,50;176,50;69,75;92,25;86,00;4,24;3,97;3,29;4,42;5,02;2743
26/09/2026;15:05:01;20,50;712,75;744,00;686,75;731,75;176,25;69,75;92,50;85,75;4,25;3,94;3,32;4,41;4,97;2746
26/09/2026;15:05:01;20,60;713,75;742,75;687,25;729,00;176,75;70,50;92,25;86,00;4,22;3,92;3,29;4,39;4,99;2710
26/09/2026;15:05:01;20,72;711,50;750,00;689,00;731,50;176,25;70,25;92,00;85,50;4,22;3,93;3,34;4,40;4,97;2736
26/09/2026;15:05:01;20,82;714,25;747,25;687,00;732,50;177,25;70,75;92,50;86,00;4,27;3,93;3,29;4,39;5,00;2739
26/09/2026;15:05:01;20,92;712,25;748,75;688,25;730,25;178,25;69,50;92,25;85,75;4,28;3,95;3,35;4,38;5,02;2731
26/09/2026;15:05:02;21,02;716,00;750,75;691,25;731,25;178,25;71,00;92,25;85,50;4,23;3,95;3,30;4,39;5,02;2738
26/09/2026;15:05:02;21,12;715,75;747,50;687,25;727,75;178,75;70,50;92,50;85,75;4,25;3,91;3,31;4,36;4,99;2727
26/09/2026;15:05:02;21,22;716,00;751,00;690,50;730,00;179,00;70,75;92,25;86,00;4,24;3,93;3,30;4,40;4,97;2721
26/09/2026;15:05:02;21,32;713,50;748,50;688,25;729,50;179,75;71,00;92,00;86,00;4,23;3,97;3,34;4,41;4,99;2708
26/09/2026;15:05:02;21,42;716,25;747,25;686,00;734,00;179,25;71,00;92,25;86,00;4,24;3,95;3,30;4,44;5,01;2683
26/09/2026;15:05:02;21,52;712,50;749,00;692,00;731,00;179,75;70,75;92,00;86,00;4,24;3,95;3,30;4,40;4,99;2715
26/09/2026;15:05:02;21,62;714,00;747,75;688,00;734,25;179,00;70,00;92,75;85,50;4,26;3,95;3,30;4,42;4,99;2701
26/09/2026;15:05:02;21,74;714,50;752,00;689,25;732,25;180,25;71,25;92,50;86,00;4,27;3,91;3,30;4,41;4,98;2680
26/09/2026;15:05:02;21,84;714,25;748,25;690,00;732,75;179,75;70,75;92,50;86,25;4,24;3,96;3,28;4,41;5,00;2701
26/09/2026;15:05:02;21,94;714,50;754,50;695,75;734,50;180,00;71,25;92,75;85,75;4,24;3,96;3,28;4,41;4,99;2686
26/09/2026;15:05:03;22,06;717,00;747,00;693,75;734,25;182,00;70,75;92,50;86,25;4,22;3,93;3,30;4,43;5,01;2651
26/09/2026;15:05:03;22,16;715,25;749,25;696,00;731,50;180,75;71,00;92,75;85,75;4,26;3,94;3,30;4,39;5,00;2672
26/09/2026;15:05:03;22,26;718,50;755,50;692,75;733,00;181,50;71,25;92,50;86,00;4,25;3,94;3,31;4,43;4,99;2649
26/09/2026;15:05:03;22,38;719,50;751,00;693,25;732,00;182,00;71,00;92,50;85,75;4,26;3,95;3,28;4,41;4,99;2629
26/09/2026;15:05:03;22,48;719,50;751,50;690,50;732,50;180,25;71,25;92,50;86,25;4,24;3,93;3,32;4,38;4,99;2644
26/09/2026;15:05:03;22,58;720,25;753,50;689,75;731,25;181,75;71,50;92,75;85,75;4,25;3,96;3,32;4,41;5,00;2622
26/09/2026;15:05:03;22,68;718,00;750,50;692,00;735,00;181,25;71,00;92,75;85,75;4,25;3,93;3,30;4,41;5,00;2638
26/09/2026;15:05:03;22,78;721,75;751,75;692,00;731,25;182,00;71,25;92,25;85,75;4,26;3,97;3,30;4,40;5,02;2617
26/09/2026;15:05:03;22,88;714,75;756,50;693,75;735,75;181,50;71,25;92,75;86,25;4,22;3,94;3,30;4,41;5,02;2626
26/09/2026;15:05:03;22,98;718,00;754,00;693,25;735,75;181,75;70,50;92,50;86,25;4,26;3,94;3,31;4,41;5,03;2620
26/09/2026;15:05:04;23,08;716,50;752,50;692,75;733,00;183,00;71,75;92,50;85,50;4,24;3,92;3,35;4,38;5,02;2628
26/09/2026;15:05:04;23,18;718,75;754,75;695,50;733,75;182,50;71,50;92,50;86,25;4,25;3,93;3,27;4,41;4,99;2583
26/09/2026;15:05:04;23,28;716,50;751,00;689,25;735,25;182,50;71,75;92,75;86,00;4,25;3,93;3,27;4,40;4,99;2598
26/09/2026;15:05:04;23,38;720,50;754,50;693,50;735,25;183,50;71,75;92,25;86,00;4,26;3,96;3,27;4,36;5,01;2588
26/09/2026;15:05:04;23,48;719,50;753,75;693,25;739,50;181,75;70,75;92,75;86,00;4,28;3,97;3,30;4,40;4,99;2584
26/09/2026;15:05:04;23,58;722,50;754,50;693,25;730,00;182,75;71,25;92,50;85,75;4,24;3,93;3,32;4,39;5,01;2583
26/09/2026;15:05:04;23,68;719,75;751,50;692,50;734,75;184,00;72,00;93,00;86,25;4,24;3,95;3,30;4,42;5,01;2553
26/09/2026;15:05:04;23,78;715,00;752,75;695,00;738,50;183,50;70,75;92,50;85,75;4,22;3,95;3,28;4,43;5,00;2571
26/09/2026;15:05:04;23,88;719,25;753,75;693,00;732,50;182,50;71,75;92,50;86,50;4,25;3,96;3,29;4,40;5,00;2556
26/09/2026;15:05:04;23,98;720,00;753,00;692,00;735,00;183,50;71,00;92,75;86,25;4,28;3,94;3,32;4,40;5,00;2548
26/09/2026;15:05:05;24,08;713,75;753,75;689,25;733,75;183,00;71,75;92,50;86,00;4,17;3,85;3,25;4,41;4,92;2544
26/09/2026;15:05:05;24,18;713,50;748,25;690,00;729,00;181,50;71,50;92,75;86,50;3,90;3,62;3,05;4,45;4,73;2491
26/09/2026;15:05:05;24,28;710,75;744,75;685,75;726,00;181,25;70,50;92,75;85,75;3,46;3,19;2,66;4,53;4,33;2467
26/09/2026;15:05:05;24,40;706,00;740,50;679,75;719,25;180,50;71,75;92,25;86,00;2,78;2,58;2,18;4,67;3,80;2379
26/09/2026;15:05:05;24,50;702,00;738,25;678,00;718,75;181,50;70,75;92,50;86,00;2,14;1,98;1,71;4,82;3,29;2287
26/09/2026;15:05:05;24,60;697,00;732,50;678,00;714,50;179,00;71,25;92,75;86,25;1,53;1,43;1,24;4,98;2,84;2191
26/09/2026;15:05:05;24,70;696,75;727,75;672,25;711,25;178,50;70,00;92,75;86,25;0,95;0,88;0,79;5,02;2,35;2081
26/09/2026;15:05:05;24,80;692,00;727,25;668,75;709,50;178,00;69,75;92,75;85,75;0,48;0,44;0,44;5,12;1,95;1962
26/09/2026;15:05:05;24,90;686,25;720,00;664,50;705,75;176,50;69,50;92,25;86,00;0,19;0,15;0,18;5,20;1,69;1866
26/09/2026;15:05:06;25,00;685,00;718,00;661,25;702,75;175,75;68,75;92,50;85,75;0,05;0,03;0,12;5,19;1,62;1731
26/09/2026;15:05:06;25,10;682,25;717,00;657,50;700,00;176,00;69,50;92,50;85,75;0,07;0,02;0,10;5,19;1,61;1599
26/09/2026;15:05:06;25,20;678,75;712,50;656,25;697,50;175,25;69,00;92,75;86,00;0,04;0,05;0,14;5,16;1,61;1485
26/09/2026;15:05:06;25,32;673,75;703,50;654,00;690,50;174,00;69,25;92,75;86,00;0,03;0,02;0,06;5,19;1,56;1361
26/09/2026;15:05:06;25,42;672,50;707,25;648,75;689,00;175,75;69,25;92,75;86,00;0,06;0,06;0,09;5,18;1,59;1223
26/09/2026;15:05:06;25,52;670,75;702,75;647,25;686,50;172,50;68,75;92,25;86,00;0,04;0,03;0,13;5,22;1,61;1146
26/09/2026;15:05:06;25,62;665,00;695,50;641,75;682,50;171,50;69,25;92,25;85,75;0,07;0,06;0,15;5,18;1,61;1068
26/09/2026;15:05:06;25,72;663,00;692,50;639,75;678,50;171,75;68,75;92,25;85,75;0,05;0,00;0,14;5,18;1,59;984
26/09/2026;15:05:06;25,82;656,75;692,25;635,50;678,25;170,25;68,75;92,50;85,75;0,05;0,04;0,11;5,19;1,60;941
26/09/2026;15:05:06;25,92;657,25;687,00;636,75;672,75;169,50;67,50;92,75;86,25;0,04;0,04;0,11;5,20;1,60;898
26/09/2026;15:05:07;26,02;656,25;689,00;634,50;668,50;169,50;68,00;92,25;85,75;0,06;0,03;0,08;5,24;1,62;911
26/09/2026;15:05:07;26,12;651,00;682,00;627,50;666,50;168,25;67,25;92,50;86,00;0,03;0,02;0,10;5,20;1,59;884
26/09/2026;15:05:07;26,22;649,00;678,50;624,75;663,00;168,00;67,00;92,75;86,00;0,04;0,04;0,14;5,20;1,60;911
26/09/2026;15:05:07;26,32;649,75;674,75;626,00;660,00;167,50;67,50;92,25;86,00;0,03;0,05;0,08;5,21;1,61;917
26/09/2026;15:05:07;26,42;641,25;674,25;621,50;658,00;167,75;67,25;92,25;86,00;0,06;0,04;0,12;5,20;1,59;888
26/09/2026;15:05:07;26,52;637,00;668,50;615,00;651,75;166,25;67,00;92,50;86,25;0,05;0,01;0,14;5,21;1,60;892
26/09/2026;15:05:07;26,62;637,00;669,50;617,75;652,25;165,75;66,50;92,50;85,50;0,06;0,05;0,09;5,20;1,60;894
26/09/2026;15:05:07;26,72;631,25;664,50;612,25;649,75;165,25;65,75;92,25;86,00;0,06;0,05;0,12;5,18;1,60;894
26/09/2026;15:05:07;26,82;632,25;659,00;609,00;645,00;163,75;66,75;92,00;86,00;0,05;0,04;0,11;5,21;1,62;915
26/09/2026;15:05:07;26,92;626,25;656,50;607,75;640,75;163,00;65,75;92,25;85,75;0,07;0,02;0,10;5,23;1,61;906
26/09/2026;15:05:08;27,02;623,75;656,25;607,25;640,75;162,75;65,25;92,25;85,75;0,05;0,06;0,12;5,15;1,59;909
26/09/2026;15:05:08;27,12;621,25;656,25;605,50;635,25;163,25;65,50;92,25;85,50;0,04;0,05;0,10;5,21;1,60;928
26/09/2026;15:05:08;27,22;620,50;649,75;599,00;635,25;161,25;66,25;92,25;85,50;0,03;0,03;0,08;5,22;1,61;905
26/09/2026;15:05:08;27,32;617,00;645,25;596,00;630,00;160,25;65,25;92,50;86,00;0,02;0,02;0,10;5,18;1,58;905
26/09/2026;15:05:08;27,42;611,75;643,00;591,25;629,50;160,75;65,25;92,00;85,75;0,05;0,05;0,10;5,20;1,60;890
26/09/2026;15:05:08;27,52;614,50;641,25;591,25;626,00;160,50;64,75;92,25;86,00;0,03;0,02;0,09;5,21;1,60;894
26/09/2026;15:05:08;27,62;609,00;636,50;589,75;625,50;159,75;65,75;92,50;85,75;0,07;0,04;0,10;5,19;1,62;890
26/09/2026;15:05:08;27,72;606,00;638,00;587,75;621,25;158,50;64,50;92,00;85,25;0,07;0,04;0,06;5,22;1,62;894
26/09/2026;15:05:08;27,82;602,75;631,00;585,25;617,75;157,75;65,75;92,00;86,00;0,08;0,02;0,15;5,18;1,59;903
26/09/2026;15:05:08;27,92;601,75;632,25;580,00;612,25;157,00;65,00;92,50;85,75;0,03;0,04;0,12;5,20;1,62;899
26/09/2026;15:05:09;28,02;598,75;625,50;578,25;613,25;156,75;64,50;92,50;86,00;0,04;0,02;0,11;5,20;1,61;918
26/09/2026;15:05:09;28,12;598,25;623,00;575,00;607,75;156,25;64,50;92,00;85,50;0,03;0,06;0,09;5,21;1,64;898
26/09/2026;15:05:09;28,22;590,00;621,75;570,75;608,00;156,25;64,00;92,50;86,00;0,05;0,05;0,11;5,21;1,58;893
26/09/2026;15:05:09;28,32;593,50;620,00;568,50;602,75;154,75;63,75;92,00;85,50;0,06;0,04;0,09;5,21;1,62;876
26/09/2026;15:05:09;28,42;589,75;615,50;568,50;602,50;154,00;63,50;92,00;85,75;0,05;0,03;0,12;5,23;1,60;912
26/09/2026;15:05:09;28,52;588,25;614,50;567,25;600,25;152,75;64,00;92,50;85,50;0,07;0,01;0,04;5,21;1,61;902
26/09/2026;15:05:09;28,62;585,50;612,75;563,75;601,50;154,00;63,75;92,25;85,75;0,06;0,05;0,10;5,19;1,59;906
26/09/2026;15:05:09;28,72;583,50;610,00;563,50;592,75;153,25;63,00;92,00;86,00;0,05;0,03;0,08;5,21;1,61;902
26/09/2026;15:05:09;28,82;581,00;609,25;560,25;592,00;152,25;62,75;92,00;85,50;0,06;0,04;0,10;5,13;1,58;887
26/09/2026;15:05:09;28,92;573,00;601,75;557,25;591,50;152,00;62,50;92,00;85,75;0,07;0,04;0,07;5,21;1,60;902
26/09/2026;15:05:10;29,02;577,00;602,25;553,50;591,00;150,75;63,00;92,00;86,00;0,06;0,05;0,10;5,20;1,59;881
26/09/2026;15:05:10;29,12;574,50;597,75;552,00;583,75;150,50;63,25;92,00;85,50;0,04;0,05;0,14;5,19;1,63;898
26/09/2026;15:05:10;29,22;570,75;596,50;547,00;581,00;149,25;62,75;92,25;85,50;0,07;0,02;0,10;5,24;1,62;889
26/09/2026;15:05:10;29,32;565,25;594,00;544,00;582,00;149,00;61,25;92,00;85,75;0,05;0,07;0,08;5,25;1,59;913
26/09/2026;15:05:10;29,42;564,75;591,75;545,00;574,00;148,25;62,00;92,25;85,75;0,06;0,04;0,11;5,20;1,59;907
26/09/2026;15:05:10;29,54;562,00;587,00;542,25;579,50;148,50;62,50;92,00;85,25;0,04;0,02;0,07;5,18;1,60;916
26/09/2026;15:05:10;29,64;558,00;588,50;541,25;572,75;147,00;61,75;91,75;86,00;0,07;0,03;0,06;5,20;1,60;878
26/09/2026;15:05:10;29,76;557,25;585,00;536,25;569,75;146,50;61,00;92,00;85,75;0,04;0,04;0,09;5,22;1,59;891
26/09/2026;15:05:10;29,86;554,50;581,25;534,00;568,00;147,00;61,25;92,00;85,50;0,04;0,06;0,08;5,25;1,60;913
26/09/2026;15:05:10;29,96;555,50;577,75;531,00;563,00;146,00;61,50;92,25;85,25;0,06;0,05;0,09;5,22;1,59;894
26/09/2026;15:05:11;30,06;553,50;572,75;529,50;564,75;145,75;61,50;91,75;85,50;0,05;0,04;0,11;5,23;1,60;885
26/09/2026;15:05:11;30,16;547,75;572,75;528,50;561,00;145,00;61,50;92,00;85,50;0,06;0,01;0,12;5,25;1,58;898
26/09/2026;15:05:11;30,26;544,25;573,00;528,00;558,00;143,75;60,25;91,75;86,00;0,04;0,06;0,10;5,19;1,60;889
26/09/2026;15:05:11;30,36;543,25;569,25;526,50;556,00;143,75;60,25;91,50;85,50;0,05;0,03;0,09;5,20;1,58;902
26/09/2026;15:05:11;30,46;541,75;567,75;524,50;555,00;143,00;61,00;92,00;85,50;0,05;0,04;0,11;5,18;1,61;889
26/09/2026;15:05:11;30,56;538,50;564,25;521,75;550,75;142,75;60,00;91,50;85,50;0,07;0,05;0,10;5,20;1,60;896
26/09/2026;15:05:11;30,66;535,75;563,00;521,50;550,25;141,50;60,00;92,25;85,75;0,07;0,02;0,11;5,22;1,61;901
26/09/2026;15:05:11;30,76;532,75;563,25;513,25;548,00;143,00;59,75;92,00;85,75;0,04;0,04;0,09;5,20;1,56;890
26/09/2026;15:05:11;30,86;531,50;558,00;517,50;547,25;140,75;59,75;91,75;85,50;0,07;0,08;0,06;5,20;1,61;892
26/09/2026;15:05:11;30,96;534,25;559,25;511,75;543,50;141,25;59,75;92,00;85,25;0,02;0,04;0,08;5,20;1,60;901
26/09/2026;15:05:12;31,08;525,25;555,00;510,00;540,25;140,00;59,25;;85,50;0,04;0,03;0,07;5,20;1,63;911
26/09/2026;15:05:12;31,18;525,25;550,75;507,75;541,00;139,75;59,50;;85,75;0,02;0,04;0,10;5,18;1,63;904
26/09/2026;15:05:12;31,28;522,50;552,25;506,25;534,25;140,00;59,00;;85,50;0,06;0,03;0,13;5,22;1,59;915
26/09/2026;15:05:12;31,38;521,25;545,75;505,25;532,00;138,25;59,50;;86,00;0,06;0,06;0,12;5,18;1,58;889
26/09/2026;15:05:12;31,48;521,75;544,25;501,25;534,50;138,25;59,50;;85,50;0,04;0,06;0,11;5,20;1,60;912
26/09/2026;15:05:12;31,58;517,75;543,00;501,00;528,75;137,50;59,25;;85,50;0,05;0,04;0,10;5,19;1,60;922
26/09/2026;15:05:12;31,70;514,75;540,75;497,75;525,25;137,00;58,75;;85,50;0,03;0,04;0,10;5,24;1,59;896
26/09/2026;15:05:12;31,80;510,25;541,75;494,00;525,50;137,25;59,00;;85,50;0,03;0,04;0,08;5,19;1,57;904
26/09/2026;15:05:12;31,90;511,50;533,25;501,00;524,25;136,00;57,75;;85,50;0,02;0,03;0,08;5,19;1,62;905
26/09/2026;15:05:13;32,00;507,00;534,25;492,50;518,50;135,50;58,00;;85,50;0,06;0,03;0,09;5,21;1,63;904
26/09/2026;15:05:13;32,10;510,00;529,50;490,00;524,75;136,50;58,25;;85,75;0,08;0,05;0,11;5,22;1,61;907
26/09/2026;15:05:13;32,20;505,50;530,75;488,75;516,75;134,00;57,75;;85,75;0,05;0,07;0,08;5,22;1,59;902
26/09/2026;15:05:13;32,30;508,25;529,25;488,00;517,00;133,75;58,25;;86,00;0,04;0,08;0,10;5,23;1,60;915
26/09/2026;15:05:13;32,40;500,50;525,50;482,25;511,25;133,25;58,00;;85,75;0,05;0,04;0,10;5,20;1,60;909
26/09/2026;15:05:13;32,50;501,25;521,00;483,00;510,25;132,50;58,00;;85,25;0,06;0,03;0,07;5,17;1,62;894
26/09/2026;15:05:13;32,60;497,75;521,00;484,00;511,25;133,25;57,75;;85,75;0,05;0,05;0,10;5,23;1,60;914
26/09/2026;15:05:13;32,70;497,75;519,75;479,75;506,50;132,50;57,25;;85,50;0,06;0,02;0,08;5,25;1,59;904
26/09/2026;15:05:13;32,80;492,00;514,00;478,75;510,50;131,25;57,75;;85,50;0,06;0,04;0,09;5,20;1,61;881
26/09/2026;15:05:13;32,90;495,50;516,25;476,50;502,25;131,25;57,00;;85,25;0,06;0,04;0,08;5,22;1,59;903
26/09/2026;15:05:14;33,00;495,25;512,25;472,00;500,00;130,25;57,50;;85,50;0,03;0,04;0,10;5,19;1,59;891
26/09/2026;15:05:14;33,10;487,00;513,25;473,75;499,25;130,50;56,75;;85,75;0,05;0,04;0,12;5,21;1,59;888
26/09/2026;15:05:14;33,20;489,50;513,00;472,00;500,75;129,50;56,00;;85,50;0,06;0,03;0,09;5,16;1,60;882
26/09/2026;15:05:14;33,30;487,25;511,25;467,75;501,25;130,00;56,50;;85,75;0,05;0,05;0,11;5,21;1,58;910
26/09/2026;15:05:14;33,40;484,00;505,50;467,75;492,50;128,25;55,75;;85,50;0,06;0,05;0,11;5,21;1,63;918
26/09/2026;15:05:14;33,52;482,50;503,75;464,00;490,00;128,50;56,75;91,75;85,75;0,05;0,05;0,07;5,22;1,61;900
26/09/2026;15:05:14;33,62;479,25;504,50;462,25;491,50;128,50;56,00;91,75;85,50;0,06;0,05;0,10;5,23;1,59;897
26/09/2026;15:05:14;33,72;478,50;502,75;466,75;490,25;127,25;55,75;91,50;85,25;0,07;0,03;0,11;5,19;1,61;878
26/09/2026;15:05:14;33,82;480,00;499,75;461,50;485,50;127,75;56,25;91,75;85,50;0,05;0,05;0,09;5,18;1,59;897
26/09/2026;15:05:14;33,92;475,25;496,50;456,75;488,25;126,50;56,00;92,25;85,50;0,06;0,04;0,09;5,20;1,61;904
26/09/2026;15:05:15;34,02;477,00;497,25;456,75;484,00;126,00;56,00;91,75;85,50;0,07;0,04;0,05;5,19;1,61;897
26/09/2026;15:05:15;34,12;472,00;496,00;452,75;479,50;124,50;56,00;91,75;85,25;0,04;0,05;0,11;5,17;1,62;900
26/09/2026;15:05:15;34,22;472,00;492,00;455,75;479,75;124,75;55,75;91,50;85,50;0,07;0,05;0,13;5,21;1,60;915
26/09/2026;15:05:15;34,32;467,00;489,50;453,00;482,50;124,75;55,50;91,50;85,50;0,06;0,07;0,12;5,20;1,57;902
26/09/2026;15:05:15;34,42;467,50;491,00;451,00;477,50;124,25;54,75;91,75;85,75;0,03;0,04;0,11;5,23;1,60;896
26/09/2026;15:05:15;34,52;467,00;486,75;451,50;478,50;123,00;54,75;91,75;85,50;0,04;0,08;0,10;5,19;1,62;895
26/09/2026;15:05:15;34,62;463,50;486,25;447,00;475,00;123,25;55,00;91,50;85,25;0,05;0,06;0,10;5,21;1,59;909
26/09/2026;15:05:15;34,72;461,50;483,25;443,50;472,25;123,00;54,75;91,50;85,50;0,04;0,04;0,07;5,20;1,59;899
26/09/2026;15:05:15;34,82;461,25;487,00;448,00;473,00;122,25;54,75;91,50;85,50;0,03;0,04;0,12;5,19;1,60;896
26/09/2026;15:05:15;34,92;458,25;478,00;444,25;470,50;121,75;54,75;91,50;85,75;0,06;0,05;0,10;5,21;1,62;893
26/09/2026;15:05:16;35,04;459,75;474,00;442,75;466,50;121,50;53,50;91,25;85,25;0,05;0,07;0,12;5,21;1,59;908
26/09/2026;15:05:16;35,14;453,25;477,50;439,25;465,00;120,75;54,25;91,25;85,00;0,04;0,01;0,07;5,23;1,61;901
26/09/2026;15:05:16;35,24;452,00;474,25;438,75;465,25;120,75;53,75;91,75;85,50;0,07;0,01;0,11;5,21;1,58;902
26/09/2026;15:05:16;35,34;451,00;474,75;436,75;461,50;120,25;54,00;91,50;85,50;0,07;0,03;0,08;5,20;1,59;904
26/09/2026;15:05:16;35,44;450,50;473,75;436,50;458,25;121,00;54,25;91,75;85,50;0,05;0,02;0,11;5,23;1,61;901
26/09/2026;15:05:16;35,54;448,25;472,75;438,75;462,75;119,50;53,75;91,25;85,25;0,05;0,05;0,10;5,21;1,60;897
26/09/2026;15:05:16;35,64;446,50;469,00;434,25;455,25;118,25;53,25;91,75;85,00;0,06;0,04;0,12;5,24;1,62;890
26/09/2026;15:05:16;35,74;445,25;470,75;427,75;459,25;118,75;53,50;91,75;85,50;0,02;0,04;0,11;5,20;1,59;888
26/09/2026;15:05:16;35,84;445,50;465,25;431,50;454,25;118,50;53,50;91,25;85,50;0,01;0,06;0,09;5,18;1,63;903
26/09/2026;15:05:16;35,94;443,50;466,25;426,00;450,00;118,75;53,25;91,25;85,50;0,05;0,05;0,12;5,18;1,61;887
26/09/2026;15:05:17;36,04;438,75;463,00;426,50;453,25;118,75;53,25;91,50;85,50;0,07;0,08;0,13;5,23;1,63;902
26/09/2026;15:05:17;36,14;440,50;461,50;428,00;449,75;118,75;52,50;91,50;85,25;0,05;0,06;0,08;5,18;1,61;908
26/09/2026;15:05:17;36,24;438,75;458,25;422,00;450,00;117,50;53,00;91,75;85,75;0,05;0,06;0,09;5,18;1,59;886
26/09/2026;15:05:17;36,34;437,25;456,25;427,75;445,25;116,75;52,25;91,50;85,25;0,05;0,05;0,12;5,20;1,60;890
26/09/2026;15:05:17;36,44;432,50;453,50;422,75;444,25;116,50;52,75;91,50;85,75;0,05;0,04;0,08;5,22;1,61;900
26/09/2026;15:05:17;36,54;434,50;456,00;420,75;445,25;115,75;52,75;92,00;85,50;0,05;0,03;0,11;5,23;1,59;901
26/09/2026;15:05:17;36,64;432,75;457,75;420,50;443,75;115,25;52,50;92,00;85,25;0,05;0,07;0,08;5,21;1,59;897
26/09/2026;15:05:17;36,74;436,25;456,50;417,50;443,75;115,00;52,00;91,50;85,50;0,04;0,04;0,13;5,20;1,57;916
26/09/2026;15:05:17;36,84;432,00;452,25;414,50;441,00;115,00;52,25;91,25;85,25;0,06;0,06;0,08;5,21;1,63;900
26/09/2026;15:05:17;36,96;428,75;452,25;415,25;441,75;113,25;52,50;91,25;85,25;0,05;0,05;0,10;5,20;1,63;903
26/09/2026;15:05:18;37,06;429,50;448,75;418,25;439,25;113,75;51,75;91,50;85,25;0,04;0,03;0,08;5,20;1,60;901
26/09/2026;15:05:18;37,16;424,00;445,25;412,00;434,75;112,75;52,00;91,25;85,50;0,05;0,02;0,12;5,22;1,59;896
26/09/2026;15:05:18;37,26;427,50;443,75;411,75;436,50;111,75;52,00;91,50;85,50;0,02;0,07;0,14;5,19;1,61;888
26/09/2026;15:05:18;37,36;426,50;442,75;409,50;434,50;111,75;51,25;91,25;85,50;0,06;0,04;0,12;5,20;1,58;900
26/09/2026;15:05:18;37,46;423,75;439,25;407,75;432,25;113,25;52,25;91,50;85,25;0,07;0,04;0,09;5,22;1,60;906
26/09/2026;15:05:18;37,56;420,25;441,75;410,00;430,50;111,75;51,25;91,25;85,00;0,07;0,04;0,12;5,19;1,62;906
26/09/2026;15:05:18;37,66;419,00;438,25;407,00;428,00;111,75;51,75;91,50;85,00;0,06;0,01;0,09;5,22;1,63;907
26/09/2026;15:05:18;37,76;419,25;437,25;405,00;430,75;111,50;51,75;91,25;85,25;0,06;0,04;0,10;5,19;1,58;886
26/09/2026;15:05:18;37,86;418,00;440,00;402,00;428,50;111,00;51,75;91,50;85,00;0,03;0,06;0,10;5,21;1,61;888
26/09/2026;15:05:18;37,96;416,75;437,25;402,75;425,25;109,75;51,00;91,50;85,25;0,07;0,02;0,11;5,19;1,61;911
26/09/2026;15:05:19;38,06;414,25;436,00;400,00;423,75;110,00;51,50;91,50;85,50;0,04;0,03;0,12;5,18;1,61;906
26/09/2026;15:05:19;38,16;413,25;437,50;401,75;426,00;110,50;51,00;91,25;85,50;0,07;0,03;0,11;5,20;1,61;904
26/09/2026;15:05:19;38,26;410,25;432,25;401,75;423,50;110,50;51,50;91,25;85,50;0,03;0,03;0,10;5,19;1,58;898
26/09/2026;15:05:19;38,36;413,00;429,25;395,00;414,25;109,25;51,00;91,75;85,25;0,03;0,02;0,07;5,19;1,59;893
26/09/2026;15:05:19;38,46;410,50;431,50;400,50;421,00;108,00;51,00;91,50;85,25;0,05;0,02;0,09;5,19;1,61;890
26/09/2026;15:05:19;38,56;408,50;430,75;395,25;415,25;108,00;51,00;91,25;85,25;0,06;0,03;0,08;5,20;1,59;897
26/09/2026;15:05:19;38,66;410,75;424,00;396,00;415,25;108,75;50,00;91,50;85,25;0,06;0,03;0,07;5,24;1,59;909
26/09/2026;15:05:19;38,76;411,25;424,00;393,00;416,75;108,25;50,50;91,25;85,75;0,04;0,03;0,14;5,18;1,58;874
26/09/2026;15:05:19;38,86;402,75;423,25;393,25;414,50;108,00;49,75;91,25;85,50;0,07;0,04;0,10;5,17;1,58;901
26/09/2026;15:05:19;38,96;403,75;422,00;392,75;411,75;106,25;50,00;91,75;85,25;0,04;0,07;0,13;5,18;1,61;895
26/09/2026;15:05:20;39,06;404,00;422,25;392,00;415,75;106,00;49,75;91,00;85,50;0,05;0,05;0,07;5,23;1,62;900
26/09/2026;15:05:20;39,16;403,25;420,00;389,50;412,75;106,00;50,75;91,00;85,25;0,04;0,04;0,10;5,23;1,59;907
26/09/2026;15:05:20;39,26;401,00;417,75;389,00;414,00;106,25;50,25;91,75;85,50;0,05;0,02;0,13;5,20;1,61;900
26/09/2026;15:05:20;39,36;399,75;417,50;384,75;408,75;105,25;49,50;91,50;85,25;0,05;0,04;0,08;5,21;1,59;890
26/09/2026;15:05:20;39,46;400,25;414,75;383,50;409,50;105,00;49,75;91,50;85,25;0,06;0,05;0,07;5,21;1,60;885
26/09/2026;15:05:20;39,58;398,75;411,75;379,25;404,25;104,00;49,25;91,00;85,50;0,07;0,02;0,08;5,23;1,61;886
26/09/2026;15:05:20;39,68;401,25;412,75;381,75;409,50;103,75;50,00;91,25;85,50;0,04;0,04;0,07;5,19;1,58;905
26/09/2026;15:05:20;39,78;393,25;413,75;382,50;405,25;105,25;49,50;91,25;85,50;0,05;0,03;0,12;5,22;1,62;889
26/09/2026;15:05:20;39,90;393,25;411,50;379,50;399,25;103,00;49,25;91,50;85,25;0,10;0,04;0,10;5,21;1,60;890
26/09/2026;15:05:21;40,00;395,25;407,75;380,00;401,75;104,00;49,75;91,25;85,50;0,03;0,04;0,13;5,20;1,61;914
26/09/2026;15:05:21;40,10;392,25;407,75;380,00;400,25;103,25;49,25;91,25;85,00;0,05;0,04;0,14;5,21;1,61;909
26/09/2026;15:05:21;40,20;390,75;409,25;377,50;398,25;103,00;49,25;91,25;85,25;0,04;0,04;0,10;5,19;1,59;885
26/09/2026;15:05:21;40,30;392,00;406,50;379,75;399,75;103,50;49,25;91,50;85,00;0,06;0,03;0,12;5,21;1,60;896
26/09/2026;15:05:21;40,40;387,00;404,25;375,25;396,75;102,75;48,50;91,25;85,00;0,07;0,04;0,07;5,24;1,63;904
26/09/2026;15:05:21;40,50;384,50;409,75;375,00;396,75;102,75;48,75;91,25;85,50;0,07;0,04;0,13;5,20;1,60;893
26/09/2026;15:05:21;40,60;387,50;401,50;372,50;396,00;101,75;49,50;91,25;85,25;0,04;0,05;0,11;5,18;1,62;900
26/09/2026;15:05:21;40,70;380,75;404,50;372,00;395,25;101,75;48,25;91,50;85,50;0,07;0,04;0,08;5,22;1,59;892
26/09/2026;15:05:21;40,80;381,50;403,25;373,00;394,25;100,00;49,00;91,50;85,25;0,05;0,04;0,10;5,23;1,57;896
26/09/2026;15:05:21;40,90;382,50;395,75;370,50;389,25;100,25;48,50;91,00;85,00;0,05;0,08;0,11;5,24;1,62;899
26/09/2026;15:05:22;41,00;385,00;398,75;365,75;390,75;99,75;48,25;91,50;85,50;0,06;0,05;0,08;5,21;1,58;918
26/09/2026;15:05:22;41,10;381,25;399,75;369,50;390,50;99,75;48,50;91,50;85,50;0,07;0,03;0,08;5,22;1,61;888
26/09/2026;15:05:22;41,20;383,50;398,75;366,00;387,75;99,25;47,00;91,25;85,25;0,07;0,06;0,10;5,20;1,64;893
26/09/2026;15:05:22;41,30;379,75;394,75;366,25;386,25;99,50;48,25;91,75;85,50;0,06;0,03;0,08;5,19;1,61;883
26/09/2026;15:05:22;41,40;379,00;395,75;365,75;385,25;98,50;48,25;91,00;85,25;0,04;0,06;0,09;5,20;1,62;914
26/09/2026;15:05:22;41,50;379,25;395,25;362,25;384,00;97,75;49,00;91,25;85,50;0,08;0,04;0,09;5,18;1,61;893
26/09/2026;15:05:22;41,60;373,25;395,00;364,50;386,25;99,00;47,75;91,50;85,25;0,04;0,04;0,08;5,16;1,61;911
26/09/2026;15:05:22;41,70;372,75;388,00;366,00;381,00;98,25;48,50;91,50;85,50;0,07;0,04;0,10;5,18;1,59;923
26/09/2026;15:05:22;41,80;377,00;394,50;360,25;381,00;97,50;47,25;91,25;85,00;0,07;0,04;0,06;5,20;1,61;907
26/09/2026;15:05:22;41,90;371,75;389,75;363,75;379,50;98,25;48,25;91,25;85,25;0,07;0,03;0,10;5,20;1,60;899
26/09/2026;15:05:23;42,00;370,25;388,25;361,50;379,00;96,75;48,00;91,50;85,25;0,00;0,07;0,11;5,16;1,63;904
26/09/2026;15:05:23;42,10;370,75;389,00;356,25;379,50;96,25;46,25;91,75;85,00;0,04;0,01;0,13;5,19;1,60;900
26/09/2026;15:05:23;42,20;371,25;388,50;354,00;379,00;97,00;47,50;91,00;85,00;0,05;0,04;0,11;5,22;1,59;905
26/09/2026;15:05:23;42,30;368,75;384,75;356,75;380,75;97,50;47,00;91,25;85,50;0,06;0,02;0,08;5,20;1,60;902
26/09/2026;15:05:23;42,40;367,50;389,75;359,50;377,50;95,25;46,75;91,50;85,00;0,03;0,04;0,10;5,20;1,59;901
26/09/2026;15:05:23;42,50;367,50;384,00;354,50;376,00;94,00;47,00;91,25;85,50;0,07;0,05;0,12;5,20;1,59;885
26/09/2026;15:05:23;42,60;369,75;382,00;351,25;374,00;95,00;46,50;91,25;85,25;0,01;0,06;0,11;5,23;1,63;890
26/09/2026;15:05:23;42,70;362,25;382,25;356,50;373,50;94,75;47,25;91,50;85,00;0,05;0,05;0,09;5,19;1,61;903
26/09/2026;15:05:23;42,80;365,00;385,25;348,75;373,25;95,00;47,25;91,25;84,75;0,02;0,05;0,09;5,17;1,59;910
26/09/2026;15:05:23;42,90;362,00;380,50;352,25;371,75;95,00;46,75;91,50;85,50;0,06;0,05;0,12;5,18;1,60;916
26/09/2026;15:05:24;43,00;363,25;382,00;350,00;371,50;94,25;47,00;91,50;85,50;0,03;0,05;0,09;5,19;1,58;890
26/09/2026;15:05:24;43,10;360,75;378,25;349,00;368,25;94,00;47,00;91,50;85,00;0,05;0,04;0,08;5,21;1,59;901
26/09/2026;15:05:24;43,20;360,75;373,25;349,00;369,00;93,00;47,00;91,50;85,50;0,06;0,08;0,08;5,21;1,60;908
26/09/2026;15:05:24;43,30;362,00;376,25;353,00;368,75;93,50;46,50;91,25;85,25;0,03;0,04;0,09;5,20;1,60;904
26/09/2026;15:05:24;43,40;356,75;372,00;344,50;367,50;92,75;46,50;91,25;85,25;0,05;0,04;0,10;5,19;1,61;909
26/09/2026;15:05:24;43,52;360,25;376,50;346,25;368,75;93,50;46,25;91,50;85,25;0,05;0,05;0,10;5,16;1,60;911
26/09/2026;15:05:24;43,62;357,75;376,25;342,75;367,25;92,75;45,75;91,25;85,50;0,06;0,04;0,06;5,23;1,60;900
26/09/2026;15:05:24;43,74;356,75;374,00;347,00;364,00;92,25;46,25;91,50;85,00;0,07;0,05;0,09;5,19;1,61;890
26/09/2026;15:05:24;43,84;357,00;372,75;345,75;363,50;91,00;46,50;91,25;85,75;0,08;0,03;0,10;5,14;1,61;870
26/09/2026;15:05:24;43,94;357,50;371,25;344,50;364,00;92,00;45,75;91,25;85,25;0,05;0,04;0,08;5,23;1,61;919
26/09/2026;15:05:25;44,04;352,00;368,50;344,00;359,25;91,00;45,75;91,25;85,00;0,06;0,02;0,11;5,23;1,62;890
26/09/2026;15:05:25;44,14;355,50;368,25;343,75;362,75;91,50;45,50;91,25;85,75;0,04;0,03;0,10;5,21;1,59;928
26/09/2026;15:05:25;44,24;353,50;369,50;343,00;359,00;90,25;46,25;91,00;85,75;0,05;0,05;0,12;5,23;1,61;920
26/09/2026;15:05:25;44,34;352,00;369,00;338,00;362,25;90,00;45,75;91,25;85,50;0,03;0,08;0,07;5,22;1,60;904
26/09/2026;15:05:25;44,44;348,50;369,50;338,25;359,75;90,25;45,25;91,00;85,50;0,08;0,06;0,11;5,23;1,59;889
26/09/2026;15:05:25;44,54;355,75;365,50;340,50;356,00;90,00;45,50;91,25;85,25;0,07;0,07;0,08;5,15;1,59;894
26/09/2026;15:05:25;44,64;351,50;363,50;341,25;357,25;89,25;45,00;91,25;85,50;0,06;0,06;0,09;5,21;1,62;887
26/09/2026;15:05:25;44,74;348,25;366,75;335,00;355,75;89,00;45,25;91,25;85,50;0,03;0,05;0,11;5,21;1,61;900
26/09/2026;15:05:25;44,84;347,75;361,25;333,00;353,00;89,25;45,50;91,50;85,25;0,02;0,04;0,09;5,26;1,62;900
26/09/2026;15:05:25;44,94;349,25;361,50;337,50;355,75;88,25;45,00;91,00;85,25;0,03;0,02;0,13;5,22;1,58;895
26/09/2026;15:05:26;45,04;345,75;364,25;337,00;351,25;89,00;45,25;91,25;85,25;0,07;0,04;0,09;5,18;1,60;910
26/09/2026;15:05:26;45,14;344,75;362,00;333,50;354,25;89,00;44,75;91,25;85,25;0,06;0,05;0,12;5,23;1,61;904
26/09/2026;15:05:26;45,24;344,25;363,00;331,00;352,50;89,00;45,25;91,50;85,25;0,03;0,04;0,11;5,23;1,63;880
26/09/2026;15:05:26;45,34;341,00;362,50;335,75;352,00;88,00;45,00;91,50;85,25;0,05;0,05;0,12;5,20;1,56;885
26/09/2026;15:05:26;45,44;343,50;359,25;334,75;351,00;87,50;44,25;91,25;85,25;0,05;0,03;0,09;5,20;1,63;920
26/09/2026;15:05:26;45,54;340,50;355,00;329,50;349,50;87,50;44,50;91,50;85,75;0,06;0,02;0,10;5,21;1,60;892
26/09/2026;15:05:26;45,64;340,75;355,00;331,75;350,25;86,00;44,75;91,25;85,50;0,06;0,04;0,12;5,20;1,60;903
26/09/2026;15:05:26;45,74;342,00;355,25;326,50;350,25;87,50;45,25;91,25;85,50;0,03;0,04;0,10;5,22;1,62;888
26/09/2026;15:05:26;45,84;339,25;356,25;329,25;347,50;86,50;44,50;91,50;85,50;0,06;0,07;0,11;5,20;1,59;924
26/09/2026;15:05:26;45,96;337,50;357,75;327,50;347,50;86,50;44,75;91,25;85,50;0,06;0,04;0,11;5,22;1,62;896
26/09/2026;15:05:27;46,06;338,25;356,00;330,50;348,25;85,00;45,00;91,00;85,00;0,06;0,05;0,11;5,21;1,59;907
26/09/2026;15:05:27;46,16;338,00;357,25;324,50;348,00;86,50;44,00;91,25;85,25;0,05;0,02;0,09;5,20;1,60;879
26/09/2026;15:05:27;46,26;338,00;352,00;326,50;346,25;85,50;44,25;91,25;85,25;0,06;0,04;0,07;5,22;1,58;895
26/09/2026;15:05:27;46,36;334,75;351,00;326,00;342,00;86,25;44,00;91,75;85,25;0,05;0,03;0,12;5,21;1,63;894
26/09/2026;15:05:27;46,48;337,50;350,50;325,75;343,00;85,00;44,00;91,25;85,25;0,08;0,04;0,10;5,16;1,62;893
26/09/2026;15:05:27;46,58;335,00;351,75;319,50;342,25;85,00;44,25;91,25;85,25;0,06;0,03;0,13;5,22;1,58;901
26/09/2026;15:05:27;46,68;337,00;347,25;322,25;337,75;84,75;44,00;91,75;85,50;0,06;0,04;0,11;5,22;1,61;890
26/09/2026;15:05:27;46,80;334,00;347,00;321,00;341,00;84,25;43,75;91,75;85,25;0,05;0,01;0,06;5,22;1,63;907
26/09/2026;15:05:27;46,90;331,25;348,25;326,00;341,00;85,00;43,75;91,50;85,00;0,07;0,02;0,07;5,25;1,60;897
26/09/2026;15:05:28;47,02;332,25;346,50;318,00;340,00;83,50;43,75;91,50;85,50;0,04;0,03;0,06;5,19;1,58;904
26/09/2026;15:05:28;47,12;332,75;345,75;320,00;341,25;84,25;43,25;91,25;85,00;0,07;0,04;0,13;5,21;1,60;893
26/09/2026;15:05:28;47,22;332,75;347,25;319,50;337,75;83,00;43,50;91,50;85,00;0,03;0,05;0,06;5,23;1,59;917
26/09/2026;15:05:28;47,32;329,00;347,25;320,50;334,00;83,75;43,50;91,25;85,50;0,05;0,06;0,09;5,21;1,57;909
26/09/2026;15:05:28;47,42;330,75;347,00;321,50;339,25;83,75;43,50;91,75;85,25;0,03;0,08;0,11;5,18;1,59;897
26/09/2026;15:05:28;47,52;329,50;342,50;317,25;337,25;82,75;43,50;91,25;85,25;0,06;0,05;0,12;5,17;1,60;902
26/09/2026;15:05:28;47,62;330,25;346,50;318,75;334,50;83,00;43,25;91,00;85,00;0,05;0,04;0,10;5,19;1,63;886
26/09/2026;15:05:28;47,72;327,25;341,25;316,25;338,50;83,50;43,75;91,00;85,25;0,06;0,06;0,09;5,19;1,58;908
26/09/2026;15:05:28;47,82;324,50;342,50;317,50;335,00;81,50;43,50;91,25;85,25;0,03;0,02;0,10;5,19;1,59;922
26/09/2026;15:05:28;47,92;326,75;342,50;317,00;330,25;81,75;43,00;91,25;85,25;0,07;0,05;0,14;5,19;1,62;900
26/09/2026;15:05:29;48,02;325,00;344,75;317,00;332,75;81,75;43,50;91,75;85,00;0,06;0,05;0,10;5,19;1,59;916
26/09/2026;15:05:29;48,12;323,75;339,25;313,00;333,50;80,75;43,50;91,75;85,25;0,07;0,03;0,12;5,21;1,60;888
26/09/2026;15:05:29;48,22;324,25;338,50;314,75;330,25;81,75;42,75;91,50;85,75;0,05;0,02;0,08;5,19;1,60;919
26/09/2026;15:05:29;48,32;323,50;337,50;313,00;334,25;81,00;43,25;91,25;85,25;0,03;0,05;0,09;5,20;1,62;897
26/09/2026;15:05:29;48,42;322,25;338,50;310,75;331,00;81,25;43,50;91,25;85,25;0,06;0,04;0,11;5,21;1,62;882
26/09/2026;15:05:29;48,52;325,00;333,75;316,00;329,25;80,50;42,75;91,00;85,50;0,04;0,03;0,13;5,15;1,59;912
26/09/2026;15:05:29;48,62;324,25;336,00;313,75;329,50;80,00;43,00;91,25;85,25;0,06;0,08;0,11;5,16;1,60;915
26/09/2026;15:05:29;48,72;319,00;337,75;310,00;324,25;80,00;42,75;91,50;85,25;0,06;0,03;0,10;5,20;1,61;900
26/09/2026;15:05:29;48,84;324,25;334,00;309,75;331,25;80,00;42,25;91,25;85,00;0,05;0,07;0,07;5,17;1,61;894
26/09/2026;15:05:29;48,94;318,25;334,25;309,50;324,75;79,25;43,25;91,25;85,25;0,03;0,03;0,12;5,21;1,61;902
26/09/2026;15:05:30;49,04;320,25;332,25;306,50;326,50;79,00;42,25;91,25;85,50;0,06;0,05;0,13;5,22;1,61;891
26/09/2026;15:05:30;49,14;320,75;333,50;306,75;328,25;79,50;42,00;91,50;85,00;0,02;0,04;0,08;5,20;1,61;914
26/09/2026;15:05:30;49,24;320,75;335,75;305,75;324,50;79,50;42,50;91,50;85,50;0,05;0,03;0,10;5,23;1,60;896
26/09/2026;15:05:30;49,34;320,00;335,00;308,50;327,75;78,00;42,50;91,50;85,25;0,05;0,04;0,08;5,20;1,59;908
26/09/2026;15:05:30;49,44;316,75;332,50;309,25;321,50;79,00;42,00;91,00;85,25;0,07;0,05;0,11;5,21;1,64;879
26/09/2026;15:05:30;49,56;316,25;332,75;302,00;325,75;78,75;42,50;91,50;85,50;0,05;0,06;0,10;5,24;1,61;892
26/09/2026;15:05:30;49,66;316,25;332,00;307,50;324,50;78,50;42,75;91,00;85,00;0,06;0,01;0,10;5,17;1,58;909
26/09/2026;15:05:30;49,76;312,00;333,00;307,50;323,50;78,25;42,00;91,25;85,25;0,05;0,04;0,10;5,20;1,58;895
26/09/2026;15:05:30;49,86;316,00;331,25;303,75;323,00;78,25;41,75;91,00;85,25;0,06;0,02;0,10;5,21;1,62;916
26/09/2026;15:05:30;49,96;313,75;329,75;307,50;325,50;77,50;41,75;91,25;85,50;0,05;0,05;0,08;5,17;1,62;894
26/09/2026;15:05:31;50,06;314,00;329,00;307,75;318,25;77,25;42,50;91,50;85,25;0,03;0,06;0,12;5,17;1,60;891
26/09/2026;15:05:31;50,18;310,25;327,75;303,25;321,00;77,25;42,00;91,25;85,00;0,08;0,04;0,08;5,21;1,60;913
26/09/2026;15:05:31;50,28;313,00;325,75;303,75;318,25;77,75;41,50;91,25;85,25;0,05;0,06;0,07;5,22;1,61;889
26/09/2026;15:05:31;50,40;309,25;327,75;302,75;324,00;77,00;41,25;91,50;85,25;0,04;0,03;0,12;5,22;1,59;914
26/09/2026;15:05:31;50,50;311,00;326,00;302,50;320,00;76,75;41,75;91,25;85,25;0,03;0,03;0,10;5,19;1,62;888
26/09/2026;15:05:31;50,60;312,25;322,75;302,25;319,25;75,00;41,75;91,25;85,00;0,05;0,03;0,10;5,22;1,59;905
26/09/2026;15:05:31;50,72;311,50;327,00;301,50;316,75;77,00;41,25;91,25;85,25;0,07;0,02;0,10;5,18;1,60;905
26/09/2026;15:05:31;50,82;309,00;323,75;297,25;319,25;77,00;41,50;91,25;85,50;0,05;0,06;0,10;5,17;1,59;913
26/09/2026;15:05:31;50,92;309,25;327,25;302,50;319,75;75,25;41,25;91,50;85,25;0,07;0,03;0,07;5,20;1,62;910
26/09/2026;15:05:32;51,04;307,25;322,00;299,50;316,25;76,25;41,50;91,50;85,25;0,05;0,05;0,11;5,20;1,59;894
26/09/2026;15:05:32;51,14;307,75;319,50;300,25;314,00;75,50;41,25;91,75;85,25;0,07;0,04;0,11;5,20;1,60;895
26/09/2026;15:05:32;51,24;310,75;322,50;302,75;314,25;75,75;41,25;91,00;85,50;0,04;0,04;0,14;5,19;1,60;897
26/09/2026;15:05:32;51,34;307,50;321,00;300,25;315,00;75,50;41,50;91,50;85,50;0,05;0,03;0,10;5,17;1,59;896
26/09/2026;15:05:32;51,44;306,00;323,25;297,00;314,50;74,75;41,25;91,75;85,25;0,05;0,04;0,10;5,22;1,59;875
26/09/2026;15:05:32;51,54;308,75;320,50;299,75;311,50;74,25;41,75;91,00;85,25;0,06;0,03;0,11;5,21;1,62;900
26/09/2026;15:05:32;51,66;305,00;317,50;296,25;312,00;73,75;40,75;92,00;85,50;0,05;0,05;0,11;5,20;1,60;903
26/09/2026;15:05:32;51,78;306,25;323,00;294,75;311,75;74,00;41,00;91,50;85,50;0,03;0,04;0,10;5,19;1,61;903
26/09/2026;15:05:32;51,88;303,75;321,25;293,25;310,00;74,50;40,50;91,25;85,25;0,05;0,02;0,08;5,20;1,59;902
26/09/2026;15:05:32;51,98;308,50;318,50;294,75;308,50;74,00;41,00;91,50;85,25;0,08;0,05;0,09;5,18;1,61;928
26/09/2026;15:05:33;52,08;305,50;316,50;295,00;309,00;73,00;41,50;91,50;85,00;0,07;0,04;0,09;5,25;1,60;914
26/09/2026;15:05:33;52,18;304,00;315,75;295,75;311,25;74,50;40,25;91,25;85,50;0,06;0,04;0,10;5,18;1,61;914
26/09/2026;15:05:33;52,28;303,75;321,50;296,25;307,25;74,00;40,75;91,50;85,25;0,08;0,02;0,09;5,19;1,60;872
26/09/2026;15:05:33;52,38;301,25;315,00;291,50;307,00;73,00;42,00;91,75;85,25;0,06;0,03;0,09;5,22;1,60;880
26/09/2026;15:05:33;52,48;302,75;312,25;291,25;311,75;73,00;40,25;91,50;85,50;0,05;0,05;0,08;5,18;1,60;900
26/09/2026;15:05:33;52,58;300,25;316,00;295,50;307,50;73,75;41,00;91,50;85,50;0,06;0,02;0,13;5,20;1,62;882
26/09/2026;15:05:33;52,68;303,25;316,25;294,75;307,75;72,75;40,00;91,50;85,50;0,09;0,05;0,13;5,18;1,59;885
26/09/2026;15:05:33;52,78;303,25;315,75;291,25;310,00;71,75;40,75;91,50;85,50;0,06;0,07;0,11;5,21;1,61;898
26/09/2026;15:05:33;52,88;302,00;313,00;289,50;308,00;72,50;41,50;91,25;85,50;0,04;0,05;0,10;5,18;1,59;895
26/09/2026;15:05:33;52,98;300,75;311,25;288,25;307,25;71,25;40,75;91,75;85,00;0,05;0,04;0,08;5,21;1,62;897
26/09/2026;15:05:34;53,08;302,25;314,75;291,25;309,00;71,25;40,50;91,25;85,25;0,06;0,03;0,13;5,16;1,59;888
26/09/2026;15:05:34;53,18;298,75;312,50;290,75;308,75;71,25;40,25;91,50;85,75;0,07;0,05;0,09;5,18;1,61;910
26/09/2026;15:05:34;53,28;300,75;313,00;291,75;304,75;71,00;40,75;91,25;85,25;0,05;0,02;0,09;5,21;1,62;890
26/09/2026;15:05:34;53,38;299,50;309,00;289,75;306,25;71,00;39,75;91,25;85,25;0,06;0,02;0,09;5,23;1,59;885
26/09/2026;15:05:34;53,48;298,75;311,00;290,25;300,25;72,50;40,25;91,00;85,00;0,04;0,04;0,09;5,20;1,59;905
26/09/2026;15:05:34;53,58;295,25;309,25;285,50;301,00;72,00;40,00;91,25;85,00;0,06;0,05;0,08;5,24;1,61;891
26/09/2026;15:05:34;53,68;297,75;312,50;287,25;304,75;72,50;40,50;91,25;85,75;0,05;0,04;0,10;5,17;1,61;894
26/09/2026;15:05:34;53,78;298,50;310,00;288,25;303,50;69,50;40,25;91,50;85,50;0,05;0,03;0,10;5,19;1,59;911
26/09/2026;15:05:34;53,90;294,50;307,25;288,75;300,25;70,00;40,00;91,25;85,25;0,06;0,03;0,07;5,18;1,60;908
26/09/2026;15:05:35;54,00;301,50;305,75;285,75;301,75;70,50;39,75;91,25;85,00;0,06;0,07;0,05;5,17;1,60;894
26/09/2026;15:05:35;54,10;298,00;307,00;288,00;302,00;71,00;39,75;91,00;85,25;0,03;0,04;0,07;5,19;1,60;883
26/09/2026;15:05:35;54,20;295,25;307,75;286,25;297,25;70,25;40,00;91,50;85,50;0,07;0,05;0,09;5,20;1,60;893
26/09/2026;15:05:35;54,30;296,00;309,00;287,00;299,25;70,50;40,00;91,25;85,50;0,04;0,03;0,11;5,22;1,60;899
26/09/2026;15:05:35;54,42;294,50;308,25;285,50;298,75;69,75;40,75;91,25;85,25;0,06;0,05;0,11;5,22;1,61;912
26/09/2026;15:05:35;54,52;293,00;303,75;285,00;298,00;70,00;40,00;91,50;85,50;0,04;0,04;0,10;5,16;1,57;879
26/09/2026;15:05:35;54,62;292,00;306,25;283,00;298,25;69,25;39,50;91,75;85,25;0,02;0,02;0,10;5,18;1,59;911
26/09/2026;15:05:35;54,72;294,75;305,00;284,75;300,25;68,25;40,00;91,75;85,25;0,05;0,03;0,09;5,20;1,62;914
26/09/2026;15:05:35;54,82;294,50;307,00;285,50;295,50;68,75;39,75;91,25;85,25;0,05;0,03;0,10;5,25;1,58;907
26/09/2026;15:05:35;54,92;288,50;300,25;282,75;299,50;69,75;40,50;91,75;85,75;0,04;0,04;0,10;5,19;1,61;899
